timestamp,HMI_Timestamp,PV_Voltage_V,PV_Current_A,PV_Power_W,Battery_Voltage_V,Battery_Current_A,Battery_Power_W,Avg_Power_to_Battery_W,Daily_Energy_kWh,Daily_Charge_Ah,History_Max_Input_Voltage_V,Lifetime_Energy_Gen_kWh,Lifetime_Charge_Ah,Battery_Temp_C,Air_Temp_C,Humidity_pct,Air_Pressure_inHg,Wind_Speed_ms,Wind_Direction_deg,Solar_Irradiance_Wm2,UV_Index,Est_Efficiency
2026-01-31T00:01:26,01/31/202600:01,22.7,0.0,0.0,51.6,0.0,0.0,0.0,0.0,0.0,198.7,23111.0,43708.0,20.7,0.0,63.0,30.59,16.16,19.0,0.0,0.0,
2026-01-31T00:07:33,01/31/202600:07,22.6,0.0,0.0,51.6,0.0,0.0,0.0,0.0,0.0,198.7,23111.0,43708.0,20.7,0.0,63.0,30.59,16.16,19.0,0.0,0.0,
2026-01-31T00:08:33,01/31/202600:08,22.7,0.0,0.0,51.6,0.0,0.0,0.0,0.0,0.0,198.7,23111.0,43708.0,20.7,0.0,63.0,30.59,16.16,19.0,0.0,0.0,
2026-01-31T00:12:35,01/31/202600:12,22.7,0.0,0.0,51.6,0.0,0.0,0.0,0.0,0.0,198.7,23111.0,43708.0,20.7,0.0,63.0,30.59,16.16,19.0,0.0,0.0,
2026-01-31T00:15:33,01/31/202600:15,22.6,0.0,0.0,51.6,0.0,0.0,0.0,0.0,0.0,198.7,23111.0,43708.0,20.7,0.0,62.0,30.59,15.78,18.0,0.0,0.0,
2026-01-31T00:17:32,01/31/202600:17,22.7,0.0,0.0,51.6,0.0,0.0,0.0,0.0,0.0,198.7,23111.0,43708.0,20.7,0.0,62.0,30.59,15.78,18.0,0.0,0.0,
2026-01-31T00:19:33,01/31/202600:19,22.6,0.0,0.0,51.6,0.0,0.0,0.0,0.0,0.0,198.7,23111.0,43708.0,20.7,0.0,62.0,30.59,15.78,18.0,0.0,0.0,
2026-01-31T00:20:33,01/31/202600:20,22.7,0.0,0.0,51.5,0.0,0.0,0.0,0.0,0.0,198.7,23111.0,43708.0,20.7,0.0,62.0,30.59,15.78,18.0,0.0,0.0,
2026-01-31T00:23:45,01/31/202600:23,22.7,0.0,0.0,51.5,0.0,0.0,0.0,0.0,0.0,198.7,23111.0,43708.0,20.7,0.0,62.0,30.59,15.78,18.0,0.0,0.0,
2026-01-31T00:25:33,01/31/202600:25,22.6,0.0,0.0,51.5,0.0,0.0,0.0,0.0,0.0,198.7,23111.0,43708.0,20.7,0.0,62.0,30.59,15.78,18.0,0.0,0.0,
2026-01-31T00:26:33,01/31/202600:26,22.7,0.0,0.0,51.5,0.0,0.0,0.0,0.0,0.0,198.7,23111.0,43708.0,20.7,0.0,62.0,30.59,15.78,18.0,0.0,0.0,
2026-01-31T00:27:34,01/31/202600:27,22.6,0.0,0.0,51.6,0.0,0.0,0.0,0.0,0.0,198.7,23111.0,43708.0,20.7,0.0,62.0,30.59,15.78,18.0,0.0,0.0,
2026-01-31T00:28:33,01/31/202600:28,22.7,0.0,0.0,51.6,0.0,0.0,0.0,0.0,0.0,198.7,23111.0,43708.0,20.7,0.0,62.0,30.59,15.78,18.0,0.0,0.0,
2026-01-31T00:31:33,01/31/202600:31,22.6,0.0,0.0,51.5,0.0,0.0,0.0,0.0,0.0,198.7,23111.0,43708.0,20.7,0.0,62.0,30.62,14.42,13.0,0.0,0.0,
2026-01-31T00:33:27,01/31/202600:33,22.7,0.0,0.0,51.5,0.0,0.0,0.0,0.0,0.0,198.7,23111.0,43708.0,20.7,0.0,63.0,30.62,14.42,13.0,0.0,0.0,
2026-01-31T00:34:55,01/31/202600:34,22.7,0.0,0.0,51.5,0.0,0.0,0.0,0.0,0.0,198.7,23111.0,43708.0,20.7,0.0,63.0,30.62,14.42,13.0,0.0,0.0,
2026-01-31T00:35:27,01/31/202600:35,22.6,0.0,0.0,51.6,0.0,0.0,0.0,0.0,0.0,198.7,23111.0,43708.0,20.7,0.0,63.0,30.62,14.42,13.0,0.0,0.0,
2026-01-31T00:37:08,01/31/202600:37,22.7,0.0,0.0,51.5,0.0,0.0,0.0,0.0,0.0,198.7,23111.0,43708.0,20.7,0.0,63.0,30.62,14.42,13.0,0.0,0.0,
2026-01-31T00:40:09,01/31/202600:40,22.6,0.0,0.0,51.6,0.0,0.0,0.0,0.0,0.0,198.7,23111.0,43708.0,20.7,0.0,63.0,30.62,14.42,13.0,0.0,0.0,
2026-01-31T00:41:08,01/31/202600:41,22.7,0.0,0.0,51.5,0.0,0.0,0.0,0.0,0.0,198.7,23111.0,43708.0,20.7,0.0,63.0,30.62,14.42,13.0,0.0,0.0,
2026-01-31T00:46:05,01/31/202600:46,22.7,0.0,0.0,51.5,0.0,0.0,0.0,0.0,0.0,198.7,23111.0,43708.0,20.7,0.0,63.0,30.62,14.42,13.0,0.0,0.0,
2026-01-31T00:47:08,01/31/202600:47,22.6,0.0,0.0,51.5,0.0,0.0,0.0,0.0,0.0,198.7,23111.0,43708.0,20.7,0.0,63.0,30.62,15.29,15.0,0.0,0.0,
2026-01-31T00:50:08,01/31/202600:50,22.7,0.0,0.0,51.6,0.0,0.0,0.0,0.0,0.0,198.7,23111.0,43708.0,20.7,0.0,63.0,30.62,15.29,15.0,0.0,0.0,
2026-01-31T00:52:08,01/31/202600:52,22.6,0.0,0.0,51.6,0.0,0.0,0.0,0.0,0.0,198.7,23111.0,43708.0,20.7,0.0,63.0,30.62,15.29,15.0,0.0,0.0,
2026-01-31T00:53:08,01/31/202600:53,22.7,0.0,0.0,51.5,0.0,0.0,0.0,0.0,0.0,198.7,23111.0,43708.0,20.7,0.0,63.0,30.62,15.29,15.0,0.0,0.0,
2026-01-31T00:55:06,01/31/202600:55,22.6,0.0,0.0,51.5,0.0,0.0,0.0,0.0,0.0,198.7,23111.0,43708.0,20.7,0.0,63.0,30.62,15.29,15.0,0.0,0.0,
2026-01-31T00:57:17,01/31/202600:57,22.6,0.0,0.0,51.5,0.0,0.0,0.0,0.0,0.0,198.7,23111.0,43708.0,20.7,0.0,63.0,30.62,15.29,15.0,0.0,0.0,
2026-01-31T00:58:12,01/31/202600:58,22.7,0.0,0.0,51.6,0.0,0.0,0.0,0.0,0.0,198.7,23111.0,43708.0,20.7,0.0,63.0,30.62,15.29,15.0,0.0,0.0,
2026-01-31T01:00:13,01/31/202601:00,22.6,0.0,0.0,51.5,0.0,0.0,0.0,0.0,0.0,198.7,23111.0,43708.0,20.7,0.0,63.0,30.62,15.29,15.0,0.0,0.0,
2026-01-31T01:03:12,01/31/202601:03,22.7,0.0,0.0,51.6,0.0,0.0,0.0,0.0,0.0,198.7,23111.0,43708.0,20.7,0.0,63.0,30.65,15.47,18.0,0.0,0.0,
2026-01-31T01:04:12,01/31/202601:04,22.6,0.0,0.0,51.5,0.0,0.0,0.0,0.0,0.0,198.7,23111.0,43708.0,20.7,0.0,63.0,30.65,15.47,18.0,0.0,0.0,
2026-01-31T01:05:13,01/31/202601:05,22.7,0.0,0.0,51.6,0.0,0.0,0.0,0.0,0.0,198.7,23111.0,43708.0,20.7,0.0,63.0,30.65,15.47,18.0,0.0,0.0,
2026-01-31T01:06:12,01/31/202601:06,22.6,0.0,0.0,51.5,0.0,0.0,0.0,0.0,0.0,198.7,23111.0,43708.0,20.7,0.0,63.0,30.65,15.47,18.0,0.0,0.0,
2026-01-31T01:08:25,01/31/202601:08,22.6,0.0,0.0,51.5,0.0,0.0,0.0,0.0,0.0,198.7,23111.0,43708.0,20.7,0.0,63.0,30.65,15.47,18.0,0.0,0.0,
2026-01-31T01:10:13,01/31/202601:10,22.0,0.0,0.0,51.5,0.0,0.0,0.0,0.0,0.0,198.7,23111.0,43708.0,20.7,0.0,63.0,30.65,15.47,18.0,0.0,0.0,
2026-01-31T01:11:13,01/31/202601:11,20.8,0.0,0.0,51.5,0.0,0.0,0.0,0.0,0.0,198.7,23111.0,43708.0,20.7,0.0,63.0,30.65,15.47,18.0,0.0,0.0,
2026-01-31T01:12:12,01/31/202601:12,20.7,0.0,0.0,51.5,0.0,0.0,0.0,0.0,0.0,198.7,23111.0,43708.0,20.7,0.0,63.0,30.65,15.47,18.0,0.0,0.0,
2026-01-31T01:13:31,01/31/202601:13,20.8,0.0,0.0,51.5,0.0,0.0,0.0,0.0,0.0,198.7,23111.0,43708.0,20.7,0.0,63.0,30.65,15.47,18.0,0.0,0.0,
2026-01-31T01:15:31,01/31/202601:15,20.7,0.0,0.0,51.6,0.0,0.0,0.0,0.0,0.0,198.7,23111.0,43708.0,20.7,0.0,62.0,30.65,14.79,20.0,0.0,0.0,
2026-01-31T01:17:12,01/31/202601:17,20.7,0.0,0.0,51.5,0.0,0.0,0.0,0.0,0.0,198.7,23111.0,43708.0,20.7,0.0,62.0,30.65,14.79,20.0,0.0,0.0,
2026-01-31T01:19:36,01/31/202601:19,20.7,0.0,0.0,51.5,0.0,0.0,0.0,0.0,0.0,198.7,23111.0,43708.0,20.7,0.0,62.0,30.65,14.73,14.0,0.0,0.0,
2026-01-31T01:21:13,01/31/202601:21,20.8,0.0,0.0,51.5,0.0,0.0,0.0,0.0,0.0,198.7,23111.0,43708.0,20.7,0.0,62.0,30.65,14.73,14.0,0.0,0.0,
2026-01-31T01:22:13,01/31/202601:22,20.7,0.0,0.0,51.5,0.0,0.0,0.0,0.0,0.0,198.7,23111.0,43708.0,20.7,0.0,62.0,30.65,14.73,14.0,0.0,0.0,
2026-01-31T01:24:14,01/31/202601:24,20.8,0.0,0.0,51.5,0.0,0.0,0.0,0.0,0.0,198.7,23111.0,43708.0,20.7,0.0,62.0,30.65,14.73,14.0,0.0,0.0,
2026-01-31T01:25:13,01/31/202601:25,20.7,0.0,0.0,51.5,0.0,0.0,0.0,0.0,0.0,198.7,23111.0,43708.0,20.7,0.0,62.0,30.65,14.73,14.0,0.0,0.0,
2026-01-31T01:26:13,01/31/202601:26,20.8,0.0,0.0,51.5,0.0,0.0,0.0,0.0,0.0,198.7,23111.0,43708.0,20.7,0.0,62.0,30.65,14.73,14.0,0.0,0.0,
2026-01-31T01:27:14,01/31/202601:27,20.7,0.0,0.0,51.5,0.0,0.0,0.0,0.0,0.0,198.7,23111.0,43708.0,20.7,0.0,62.0,30.65,14.73,14.0,0.0,0.0,
2026-01-31T01:30:44,01/31/202601:30,20.7,0.0,0.0,51.4,0.0,0.0,0.0,0.0,0.0,198.7,23111.0,43708.0,20.7,0.0,62.0,30.65,14.73,14.0,0.0,0.0,
2026-01-31T01:31:57,01/31/202601:31,20.7,0.0,0.0,51.5,0.0,0.0,0.0,0.0,0.0,198.7,23111.0,43708.0,20.7,0.0,60.0,30.65,14.66,16.0,0.0,0.0,
2026-01-31T01:38:42,01/31/202601:38,20.8,0.0,0.0,51.5,0.0,0.0,0.0,0.0,0.0,198.7,23111.0,43708.0,20.7,0.0,60.0,30.65,14.66,16.0,0.0,0.0,
2026-01-31T01:39:59,01/31/202601:39,20.7,0.0,0.0,51.3,0.0,0.0,0.0,0.0,0.0,198.7,23111.0,43708.0,20.7,0.0,60.0,30.65,14.66,16.0,0.0,0.0,
2026-01-31T01:41:52,01/31/202601:41,20.7,0.0,0.0,51.4,0.0,0.0,0.0,0.0,0.0,198.7,23111.0,43708.0,20.7,0.0,60.0,30.65,14.66,16.0,0.0,0.0,
2026-01-31T01:43:51,01/31/202601:43,20.7,0.0,0.0,51.5,0.0,0.0,0.0,0.0,0.0,198.7,23111.0,43708.0,20.7,0.0,60.0,30.65,14.66,16.0,0.0,0.0,
2026-01-31T01:45:15,01/31/202601:45,20.7,0.0,0.0,51.5,0.0,0.0,0.0,0.0,0.0,198.7,23111.0,43708.0,20.7,0.0,60.0,30.65,14.66,16.0,0.0,0.0,
2026-01-31T01:53:04,01/31/202601:53,20.7,0.0,0.0,51.4,0.0,0.0,0.0,0.0,0.0,198.7,23111.0,43708.0,20.7,0.0,57.0,30.65,13.79,17.0,0.0,0.0,
2026-01-31T01:55:15,01/31/202601:55,20.6,0.0,0.0,51.4,0.0,0.0,0.0,0.0,0.0,198.7,23111.0,43708.0,20.7,0.0,57.0,30.65,13.79,17.0,0.0,0.0,
2026-01-31T01:56:15,01/31/202601:56,20.7,0.0,0.0,51.4,0.0,0.0,0.0,0.0,0.0,198.7,23111.0,43708.0,20.7,0.0,57.0,30.65,13.79,17.0,0.0,0.0,
2026-01-31T02:01:44,01/31/202602:01,20.6,0.0,0.0,51.5,0.0,0.0,0.0,0.0,0.0,198.7,23111.0,43708.0,20.7,0.0,56.0,30.65,13.79,17.0,0.0,0.0,
2026-01-31T02:02:45,01/31/202602:02,20.7,0.0,0.0,51.4,0.0,0.0,0.0,0.0,0.0,198.7,23111.0,43708.0,20.7,0.0,56.0,30.65,13.79,17.0,0.0,0.0,
2026-01-31T02:04:11,01/31/202602:04,20.7,0.0,0.0,51.5,0.0,0.0,0.0,0.0,0.0,198.7,23111.0,43708.0,20.7,0.0,56.0,30.65,13.79,17.0,0.0,0.0,
2026-01-31T02:15:22,01/31/202602:15,20.7,0.0,0.0,51.4,0.0,0.0,0.0,0.0,0.0,198.7,23111.0,43708.0,20.6,0.0,56.0,30.65,13.79,17.0,0.0,0.0,
2026-01-31T02:26:31,01/31/202602:26,20.6,0.0,0.0,51.4,0.0,0.0,0.0,0.0,0.0,198.7,23111.0,43708.0,20.6,0.0,56.0,30.65,13.17,18.0,0.0,0.0,
2026-01-31T02:27:47,01/31/202602:27,20.7,0.0,0.0,51.4,0.0,0.0,0.0,0.0,0.0,198.7,23111.0,43708.0,20.6,0.0,56.0,30.65,13.17,18.0,0.0,0.0,
2026-01-31T02:31:47,01/31/202602:31,20.6,0.0,0.0,51.4,0.0,0.0,0.0,0.0,0.0,198.7,23111.0,43708.0,20.6,0.0,58.0,30.65,12.37,17.0,0.0,0.0,
2026-01-31T02:33:46,01/31/202602:33,20.7,0.0,0.0,51.4,0.0,0.0,0.0,0.0,0.0,198.7,23111.0,43708.0,20.6,0.0,58.0,30.65,12.37,17.0,0.0,0.0,
2026-01-31T02:37:41,01/31/202602:37,20.7,0.0,0.0,51.4,0.0,0.0,0.0,0.0,0.0,198.7,23111.0,43708.0,20.7,0.0,58.0,30.65,12.37,17.0,0.0,0.0,
2026-01-31T02:42:46,01/31/202602:42,20.6,0.0,0.0,51.5,0.0,0.0,0.0,0.0,0.0,198.7,23111.0,43708.0,20.6,0.0,58.0,30.65,12.37,17.0,0.0,0.0,
2026-01-31T02:43:47,01/31/202602:43,20.7,0.0,0.0,51.4,0.0,0.0,0.0,0.0,0.0,198.7,23111.0,43708.0,20.6,0.0,58.0,30.65,12.37,17.0,0.0,0.0,
2026-01-31T02:45:46,01/31/202602:45,20.6,0.0,0.0,51.4,0.0,0.0,0.0,0.0,0.0,198.7,23111.0,43708.0,20.6,0.0,59.0,30.65,12.43,18.0,0.0,0.0,
2026-01-31T02:46:46,01/31/202602:46,20.7,0.0,0.0,51.4,0.0,0.0,0.0,0.0,0.0,198.7,23111.0,43708.0,20.6,0.0,59.0,30.65,12.43,18.0,0.0,0.0,
2026-01-31T02:48:50,01/31/202602:48,20.6,0.0,0.0,51.4,0.0,0.0,0.0,0.0,0.0,198.7,23111.0,43708.0,20.6,0.0,59.0,30.65,12.43,18.0,0.0,0.0,
2026-01-31T02:49:47,01/31/202602:49,20.7,0.0,0.0,51.4,0.0,0.0,0.0,0.0,0.0,198.7,23111.0,43708.0,20.6,0.0,59.0,30.65,12.43,18.0,0.0,0.0,
2026-01-31T02:52:47,01/31/202602:52,20.6,0.0,0.0,51.4,0.0,0.0,0.0,0.0,0.0,198.7,23111.0,43708.0,20.6,0.0,59.0,30.65,12.43,18.0,0.0,0.0,
2026-01-31T02:53:46,01/31/202602:53,20.7,0.0,0.0,51.3,0.0,0.0,0.0,0.0,0.0,198.7,23111.0,43708.0,20.6,0.0,59.0,30.65,12.43,18.0,0.0,0.0,
2026-01-31T02:54:47,01/31/202602:54,20.6,0.0,0.0,51.4,0.0,0.0,0.0,0.0,0.0,198.7,23111.0,43708.0,20.6,0.0,59.0,30.65,12.43,18.0,0.0,0.0,
2026-01-31T02:59:59,01/31/202602:59,20.6,0.0,0.0,51.3,0.0,0.0,0.0,0.0,0.0,198.7,23111.0,43708.0,20.6,0.0,59.0,30.65,12.43,18.0,0.0,0.0,
2026-01-31T03:04:51,01/31/202603:04,20.6,0.0,0.0,51.4,0.0,0.0,0.0,0.0,0.0,198.7,23111.0,43708.0,20.6,0.0,59.0,30.68,12.24,18.0,0.0,0.0,
2026-01-31T03:11:10,01/31/202603:11,20.6,0.0,0.0,51.4,0.0,0.0,0.0,0.0,0.0,198.7,23111.0,43708.0,20.6,0.0,59.0,30.68,12.24,18.0,0.0,0.0,
2026-01-31T03:22:18,01/31/202603:22,20.6,0.0,0.0,51.4,0.0,0.0,0.0,0.0,0.0,198.7,23111.0,43708.0,20.6,0.0,59.0,30.68,11.56,18.0,0.0,0.0,
2026-01-31T03:24:48,01/31/202603:24,20.6,0.0,0.0,51.4,0.0,0.0,0.0,0.0,0.0,198.7,23111.0,43708.0,20.6,0.0,59.0,30.68,11.56,18.0,0.0,0.0,
2026-01-31T03:33:28,01/31/202603:33,20.6,0.0,0.0,51.4,0.0,0.0,0.0,0.0,0.0,198.7,23111.0,43708.0,20.6,0.0,60.0,30.65,10.56,13.0,0.0,0.0,
2026-01-31T03:36:47,01/31/202603:36,20.5,0.0,0.0,51.3,0.0,0.0,0.0,0.0,0.0,198.7,23111.0,43708.0,20.6,0.0,60.0,30.65,10.56,13.0,0.0,0.0,
2026-01-31T03:37:48,01/31/202603:37,20.6,0.0,0.0,51.4,0.0,0.0,0.0,0.0,0.0,198.7,23111.0,43708.0,20.6,0.0,60.0,30.65,10.56,13.0,0.0,0.0,
2026-01-31T03:39:37,01/31/202603:39,20.5,0.0,0.0,51.4,0.0,0.0,0.0,0.0,0.0,198.7,23111.0,43708.0,20.6,0.0,60.0,30.65,10.56,13.0,0.0,0.0,
2026-01-31T03:40:38,01/31/202603:40,20.6,0.0,0.0,51.3,0.0,0.0,0.0,0.0,0.0,198.7,23111.0,43708.0,20.6,0.0,60.0,30.65,10.56,13.0,0.0,0.0,
2026-01-31T03:41:37,01/31/202603:41,20.5,0.0,0.0,51.4,0.0,0.0,0.0,0.0,0.0,198.7,23111.0,43708.0,20.6,0.0,60.0,30.65,10.56,13.0,0.0,0.0,
2026-01-31T03:42:38,01/31/202603:42,20.6,0.0,0.0,51.3,0.0,0.0,0.0,0.0,0.0,198.7,23111.0,43708.0,20.6,0.0,60.0,30.65,10.56,13.0,0.0,0.0,
2026-01-31T03:44:38,01/31/202603:44,20.5,0.0,0.0,51.3,0.0,0.0,0.0,0.0,0.0,198.7,23111.0,43708.0,20.6,0.0,60.0,30.65,10.56,13.0,0.0,0.0,
2026-01-31T03:45:38,01/31/202603:45,20.6,0.0,0.0,51.3,0.0,0.0,0.0,0.0,0.0,198.7,23111.0,43708.0,20.6,0.0,60.0,30.65,10.56,13.0,0.0,0.0,
2026-01-31T03:48:42,01/31/202603:48,20.5,0.0,0.0,51.3,0.0,0.0,0.0,0.0,0.0,198.7,23111.0,43708.0,20.5,0.0,62.0,30.65,9.82,12.0,0.0,0.0,
2026-01-31T03:49:41,01/31/202603:49,20.6,0.0,0.0,51.3,0.0,0.0,0.0,0.0,0.0,198.7,23111.0,43708.0,20.6,0.0,62.0,30.65,9.82,12.0,0.0,0.0,
2026-01-31T03:55:47,01/31/202603:55,20.6,0.0,0.0,51.3,0.0,0.0,0.0,0.0,0.0,198.7,23111.0,43708.0,20.5,0.0,62.0,30.65,9.82,12.0,0.0,0.0,
2026-01-31T03:56:27,01/31/202603:56,20.5,0.0,0.0,51.3,0.0,0.0,0.0,0.0,0.0,198.7,23111.0,43708.0,20.6,0.0,62.0,30.65,9.82,12.0,0.0,0.0,
2026-01-31T03:57:26,01/31/202603:57,20.6,0.0,0.0,51.3,0.0,0.0,0.0,0.0,0.0,198.7,23111.0,43708.0,20.5,0.0,62.0,30.65,9.82,12.0,0.0,0.0,
2026-01-31T03:59:27,01/31/202603:59,20.5,0.0,0.0,51.4,0.0,0.0,0.0,0.0,0.0,198.7,23111.0,43708.0,20.6,0.0,62.0,30.65,9.82,12.0,0.0,0.0,
2026-01-31T04:00:26,01/31/202604:00,20.6,0.0,0.0,51.3,0.0,0.0,0.0,0.0,0.0,198.7,23111.0,43708.0,20.5,0.0,64.0,30.65,9.32,11.0,0.0,0.0,
2026-01-31T04:04:27,01/31/202604:04,20.5,0.0,0.0,51.3,0.0,0.0,0.0,0.0,0.0,198.7,23111.0,43708.0,20.5,0.0,64.0,30.65,9.32,11.0,0.0,0.0,
2026-01-31T04:05:27,01/31/202604:05,20.6,0.0,0.0,51.3,0.0,0.0,0.0,0.0,0.0,198.7,23111.0,43708.0,20.5,0.0,64.0,30.65,9.32,11.0,0.0,0.0,
2026-01-31T04:06:56,01/31/202604:06,20.6,0.0,0.0,51.4,0.0,0.0,0.0,0.0,0.0,198.7,23111.0,43708.0,20.6,0.0,64.0,30.65,9.32,11.0,0.0,0.0,
2026-01-31T04:16:40,01/31/202604:16,20.5,0.0,0.0,51.3,0.0,0.0,0.0,0.0,0.0,198.7,23111.0,43708.0,20.5,0.0,64.0,30.68,8.89,10.0,0.0,0.0,
2026-01-31T04:18:05,01/31/202604:18,20.5,0.0,0.0,51.4,0.0,0.0,0.0,0.0,0.0,198.7,23111.0,43708.0,20.5,0.0,64.0,30.68,8.89,10.0,0.0,0.0,
2026-01-31T04:18:40,01/31/202604:18,20.6,0.0,0.0,51.3,0.0,0.0,0.0,0.0,0.0,198.7,23111.0,43708.0,20.5,0.0,64.0,30.68,8.89,10.0,0.0,0.0,
2026-01-31T04:19:39,01/31/202604:19,20.5,0.0,0.0,51.3,0.0,0.0,0.0,0.0,0.0,198.7,23111.0,43708.0,20.5,0.0,64.0,30.68,8.89,10.0,0.0,0.0,
2026-01-31T04:29:16,01/31/202604:29,20.5,0.0,0.0,51.2,0.0,0.0,0.0,0.0,0.0,198.7,23111.0,43708.0,20.5,0.0,64.0,30.68,8.89,10.0,0.0,0.0,
2026-01-31T04:40:24,01/31/202604:40,20.5,0.0,0.0,51.3,0.0,0.0,0.0,0.0,0.0,198.7,23111.0,43708.0,20.5,0.0,63.0,30.68,8.51,3.0,0.0,0.0,
2026-01-31T04:51:33,01/31/202604:51,20.5,0.0,0.0,51.2,0.0,0.0,0.0,0.0,0.0,198.7,23111.0,43708.0,20.5,0.0,64.0,30.68,8.51,360.0,0.0,0.0,
2026-01-31T04:59:40,01/31/202604:59,20.4,0.0,0.0,51.3,0.0,0.0,0.0,0.0,0.0,198.7,23111.0,43708.0,20.5,0.0,64.0,30.68,8.51,360.0,0.0,0.0,
2026-01-31T05:00:41,01/31/202605:00,20.5,0.0,0.0,51.2,0.0,0.0,0.0,0.0,0.0,198.7,23111.0,43708.0,20.5,0.0,64.0,30.68,8.51,360.0,0.0,0.0,
2026-01-31T05:02:43,01/31/202605:02,20.5,0.0,0.0,51.3,0.0,0.0,0.0,0.0,0.0,198.7,23111.0,43708.0,20.5,0.0,64.0,30.68,8.95,359.0,0.0,0.0,
2026-01-31T05:08:41,01/31/202605:08,20.4,0.0,0.0,51.3,0.0,0.0,0.0,0.0,0.0,198.7,23111.0,43708.0,20.5,0.0,64.0,30.68,8.95,359.0,0.0,0.0,
2026-01-31T05:08:42,01/31/202605:08,20.5,0.0,0.0,51.2,0.0,0.0,0.0,0.0,0.0,198.7,23111.0,43708.0,20.5,0.0,64.0,30.68,8.95,359.0,0.0,0.0,
2026-01-31T05:11:42,01/31/202605:11,20.4,0.0,0.0,51.3,0.0,0.0,0.0,0.0,0.0,198.7,23111.0,43708.0,20.5,0.0,64.0,30.68,8.95,359.0,0.0,0.0,
2026-01-31T05:13:53,01/31/202605:13,20.5,0.0,0.0,51.2,0.0,0.0,0.0,0.0,0.0,198.7,23111.0,43708.0,20.5,0.0,64.0,30.68,8.95,359.0,0.0,0.0,
2026-01-31T05:18:43,01/31/202605:18,20.4,0.0,0.0,51.2,0.0,0.0,0.0,0.0,0.0,198.7,23111.0,43708.0,20.5,0.0,65.0,30.68,8.51,358.0,0.0,0.0,
2026-01-31T05:21:23,01/31/202605:21,20.5,0.0,0.0,51.3,0.0,0.0,0.0,0.0,0.0,198.7,23111.0,43708.0,20.5,0.0,65.0,30.68,8.51,358.0,0.0,0.0,
2026-01-31T05:25:02,01/31/202605:25,20.5,0.0,0.0,51.2,0.0,0.0,0.0,0.0,0.0,198.7,23111.0,43708.0,20.5,0.0,65.0,30.68,8.51,358.0,0.0,0.0,
2026-01-31T05:27:23,01/31/202605:27,20.4,0.0,0.0,51.2,0.0,0.0,0.0,0.0,0.0,198.7,23111.0,43708.0,20.5,0.0,65.0,30.68,8.51,358.0,0.0,0.0,
2026-01-31T05:33:22,01/31/202605:33,20.3,0.0,0.0,51.2,0.0,0.0,0.0,0.0,0.0,198.7,23111.0,43708.0,20.5,0.0,68.0,30.68,8.76,354.0,0.0,0.0,
2026-01-31T05:36:12,01/31/202605:36,20.4,0.0,0.0,51.2,0.0,0.0,0.0,0.0,0.0,198.7,23111.0,43708.0,20.5,0.0,68.0,30.68,8.76,354.0,0.0,0.0,
2026-01-31T05:40:34,01/31/202605:40,20.4,0.0,0.0,51.2,0.0,0.0,0.0,0.0,0.0,198.7,23111.0,43708.0,20.4,0.0,68.0,30.68,8.76,354.0,0.0,0.0,
2026-01-31T05:43:28,01/31/202605:43,20.3,0.0,0.0,51.1,0.0,0.0,0.0,0.0,0.0,198.7,23111.0,43708.0,20.4,0.0,68.0,30.68,8.76,354.0,0.0,0.0,
2026-01-31T05:44:27,01/31/202605:44,20.4,0.0,0.0,51.2,0.0,0.0,0.0,0.0,0.0,198.7,23111.0,43708.0,20.5,0.0,68.0,30.68,8.76,354.0,0.0,0.0,
2026-01-31T05:47:22,01/31/202605:47,20.3,0.0,0.0,51.2,0.0,0.0,0.0,0.0,0.0,198.7,23111.0,43708.0,20.4,0.0,68.0,30.68,8.57,353.0,0.0,0.0,
2026-01-31T05:47:28,01/31/202605:47,20.4,0.0,0.0,51.2,0.0,0.0,0.0,0.0,0.0,198.7,23111.0,43708.0,20.4,0.0,68.0,30.68,8.57,353.0,0.0,0.0,
2026-01-31T05:50:28,01/31/202605:50,20.3,0.0,0.0,51.1,0.0,0.0,0.0,0.0,0.0,198.7,23111.0,43708.0,20.5,0.0,68.0,30.68,8.57,353.0,0.0,0.0,
2026-01-31T05:52:29,01/31/202605:52,20.4,0.0,0.0,51.1,0.0,0.0,0.0,0.0,0.0,198.7,23111.0,43708.0,20.4,0.0,68.0,30.68,8.57,353.0,0.0,0.0,
2026-01-31T05:58:30,01/31/202605:58,20.4,0.0,0.0,51.2,0.0,0.0,0.0,0.0,0.0,198.7,23111.0,43708.0,20.4,0.0,68.0,30.68,8.57,353.0,0.0,0.0,
2026-01-31T05:58:40,01/31/202605:58,20.3,0.0,0.0,51.1,0.0,0.0,0.0,0.0,0.0,198.7,23111.0,43708.0,20.5,0.0,68.0,30.68,8.57,353.0,0.0,0.0,
2026-01-31T06:00:33,01/31/202606:00,20.4,0.0,0.0,51.1,0.0,0.0,0.0,0.0,0.0,198.7,23111.0,43708.0,20.5,0.0,68.0,30.68,8.57,353.0,0.0,0.0,
2026-01-31T06:04:16,01/31/202606:04,20.3,0.0,0.0,51.1,0.0,0.0,0.0,0.0,0.0,198.7,23111.0,43708.0,20.4,0.0,68.0,30.68,8.33,354.0,0.0,0.0,
2026-01-31T06:05:16,01/31/202606:05,20.4,0.0,0.0,51.2,0.0,0.0,0.0,0.0,0.0,198.7,23111.0,43708.0,20.4,0.0,68.0,30.68,8.33,354.0,0.0,0.0,
2026-01-31T06:07:01,01/31/202606:07,20.3,0.0,0.0,51.1,0.0,0.0,0.0,0.0,0.0,198.7,23111.0,43708.0,20.4,0.0,68.0,30.68,8.33,354.0,0.0,0.0,
2026-01-31T06:08:01,01/31/202606:08,20.4,0.0,0.0,51.1,0.0,0.0,0.0,0.0,0.0,198.7,23111.0,43708.0,20.5,0.0,68.0,30.68,8.33,354.0,0.0,0.0,
2026-01-31T06:09:40,01/31/202606:09,20.3,0.0,0.0,51.1,0.0,0.0,0.0,0.0,0.0,198.7,23111.0,43708.0,20.4,0.0,68.0,30.68,8.33,354.0,0.0,0.0,
2026-01-31T06:10:00,01/31/202606:10,20.4,0.0,0.0,51.1,0.0,0.0,0.0,0.0,0.0,198.7,23111.0,43708.0,20.4,0.0,68.0,30.68,8.33,354.0,0.0,0.0,
2026-01-31T06:12:00,01/31/202606:12,20.3,0.0,0.0,51.2,0.0,0.0,0.0,0.0,0.0,198.7,23111.0,43708.0,20.4,0.0,68.0,30.68,8.33,354.0,0.0,0.0,
2026-01-31T06:14:44,01/31/202606:14,20.4,0.0,0.0,51.2,0.0,0.0,0.0,0.0,0.0,198.7,23111.0,43708.0,20.5,0.0,68.0,30.68,8.33,354.0,0.0,0.0,
2026-01-31T06:15:43,01/31/202606:15,20.3,0.0,0.0,51.1,0.0,0.0,0.0,0.0,0.0,198.7,23111.0,43708.0,20.4,0.0,68.0,30.68,8.33,354.0,0.0,0.0,
2026-01-31T06:18:43,01/31/202606:18,20.4,0.0,0.0,51.2,0.0,0.0,0.0,0.0,0.0,198.7,23111.0,43708.0,20.4,0.0,69.0,30.71,8.51,357.0,0.0,0.0,
2026-01-31T06:20:49,01/31/202606:20,20.3,0.0,0.0,51.1,0.0,0.0,0.0,0.0,0.0,198.7,23111.0,43708.0,20.4,0.0,69.0,30.71,8.51,357.0,0.0,0.0,
2026-01-31T06:22:43,01/31/202606:22,20.4,0.0,0.0,51.0,0.0,0.0,0.0,0.0,0.0,198.7,23111.0,43708.0,20.4,0.0,69.0,30.71,8.51,357.0,0.0,0.0,
2026-01-31T06:24:38,01/31/202606:24,20.3,0.0,0.0,51.1,0.0,0.0,0.0,0.0,0.0,198.7,23111.0,43708.0,20.4,0.0,69.0,30.71,8.51,357.0,0.0,0.0,
2026-01-31T06:25:38,01/31/202606:25,20.4,0.0,0.0,51.1,0.0,0.0,0.0,0.0,0.0,198.7,23111.0,43708.0,20.4,0.0,69.0,30.71,8.51,357.0,0.0,0.0,
2026-01-31T06:26:37,01/31/202606:26,20.3,0.0,0.0,51.0,0.0,0.0,0.0,0.0,0.0,198.7,23111.0,43708.0,20.4,0.0,69.0,30.71,8.51,357.0,0.0,0.0,
2026-01-31T06:28:37,01/31/202606:28,20.4,0.0,0.0,51.1,0.0,0.0,0.0,0.0,0.0,198.7,23111.0,43708.0,20.4,0.0,69.0,30.71,8.51,357.0,0.0,0.0,
2026-01-31T06:29:38,01/31/202606:29,20.3,0.0,0.0,51.0,0.0,0.0,0.0,0.0,0.0,198.7,23111.0,43708.0,20.4,0.0,69.0,30.71,8.64,350.0,0.0,0.0,
2026-01-31T06:31:58,01/31/202606:31,20.3,0.0,0.0,51.1,0.0,0.0,0.0,0.0,0.0,198.7,23111.0,43708.0,20.4,0.0,71.0,30.71,8.57,353.0,0.0,0.0,
2026-01-31T06:34:09,01/31/202606:34,20.4,0.0,0.0,51.1,0.0,0.0,0.0,0.0,0.0,198.7,23111.0,43708.0,20.4,0.0,72.0,30.68,8.57,353.0,0.0,0.0,
2026-01-31T06:35:09,01/31/202606:35,20.3,0.0,0.0,51.1,0.0,0.0,0.0,0.0,0.0,198.7,23111.0,43708.0,20.4,0.0,72.0,30.68,8.57,353.0,0.0,0.0,
2026-01-31T06:36:09,01/31/202606:36,20.4,0.0,0.0,51.1,0.0,0.0,0.0,0.0,0.0,198.7,23111.0,43708.0,20.4,0.0,72.0,30.68,8.57,353.0,0.0,0.0,
2026-01-31T06:37:25,01/31/202606:37,20.3,0.0,0.0,51.1,0.0,0.0,0.0,0.0,0.0,198.7,23111.0,43708.0,20.4,0.0,72.0,30.68,8.57,353.0,0.0,0.0,
2026-01-31T06:38:26,01/31/202606:38,20.4,0.0,0.0,51.1,0.0,0.0,0.0,0.0,0.0,198.7,23111.0,43708.0,20.4,0.0,72.0,30.68,8.57,353.0,0.0,0.0,
2026-01-31T06:43:07,01/31/202606:43,20.4,0.0,0.0,51.1,0.0,0.0,0.0,0.0,0.0,198.7,23111.0,43708.0,20.4,0.0,72.0,30.68,8.57,353.0,0.0,0.0,
2026-01-31T06:44:26,01/31/202606:44,20.3,0.0,0.0,51.1,0.0,0.0,0.0,0.0,0.0,198.7,23111.0,43708.0,20.4,0.0,72.0,30.68,8.57,353.0,0.0,0.0,
2026-01-31T06:45:26,01/31/202606:45,20.4,0.0,0.0,51.1,0.0,0.0,0.0,0.0,0.0,198.7,23111.0,43708.0,20.4,0.0,73.0,30.71,8.27,358.0,0.0,0.0,
2026-01-31T06:49:26,01/31/202606:49,20.5,0.0,0.0,51.1,0.0,0.0,0.0,0.0,0.0,198.7,23111.0,43708.0,20.4,0.0,73.0,30.71,8.27,358.0,0.0,0.0,
2026-01-31T06:52:27,01/31/202606:52,20.6,0.0,0.0,51.1,0.0,0.0,0.0,0.0,0.0,198.7,23111.0,43708.0,20.4,0.0,73.0,30.71,8.27,358.0,0.0,0.0,
2026-01-31T06:54:16,01/31/202606:54,20.7,0.0,0.0,51.1,0.0,0.0,0.0,0.0,0.0,198.7,23111.0,43708.0,20.4,0.0,73.0,30.71,8.27,358.0,0.0,0.0,
2026-01-31T06:55:26,01/31/202606:55,20.8,0.0,0.0,51.1,0.0,0.0,0.0,0.0,0.0,198.7,23111.0,43708.0,20.4,0.0,73.0,30.71,8.27,358.0,0.0,0.0,
2026-01-31T06:56:52,01/31/202606:56,21.0,0.0,0.0,51.1,0.0,0.0,0.0,0.0,0.0,198.7,23111.0,43708.0,20.4,0.0,73.0,30.71,8.27,358.0,0.0,0.0,
2026-01-31T06:57:53,01/31/202606:57,21.1,0.0,0.0,51.1,0.0,0.0,0.0,0.0,0.0,198.7,23111.0,43708.0,20.4,0.0,73.0,30.71,8.27,358.0,0.0,0.0,
2026-01-31T06:58:52,01/31/202606:58,21.2,0.0,0.0,51.1,0.0,0.0,0.0,0.0,0.0,198.7,23111.0,43708.0,20.4,0.0,73.0,30.71,8.27,358.0,0.0,0.0,
2026-01-31T06:59:52,01/31/202606:59,21.4,0.0,0.0,51.1,0.0,0.0,0.0,0.0,0.0,198.7,23111.0,43708.0,20.4,0.0,73.0,30.71,8.27,358.0,0.0,0.0,
2026-01-31T07:00:53,01/31/202607:00,21.7,0.0,0.0,51.1,0.0,0.0,0.0,0.0,0.0,198.7,23111.0,43708.0,20.4,0.0,73.0,30.71,8.51,357.0,0.0,0.0,
2026-01-31T07:01:52,01/31/202607:01,22.1,0.0,0.0,51.1,0.0,0.0,0.0,0.0,0.0,198.7,23111.0,43708.0,20.4,0.0,73.0,30.71,8.51,357.0,0.0,0.0,
2026-01-31T07:02:52,01/31/202607:02,22.5,0.0,0.0,51.1,0.0,0.0,0.0,0.0,0.0,198.7,23111.0,43708.0,20.4,0.0,73.0,30.71,8.51,357.0,0.0,0.0,
2026-01-31T07:03:53,01/31/202607:03,23.1,0.0,0.0,51.1,0.0,0.0,0.0,0.0,0.0,198.7,23111.0,43708.0,20.4,0.0,73.0,30.71,8.51,357.0,0.0,0.0,
2026-01-31T07:05:27,01/31/202607:05,23.8,0.0,0.0,51.1,0.0,0.0,0.0,0.0,0.0,198.7,23111.0,43708.0,20.4,0.0,73.0,30.71,8.51,357.0,0.0,0.0,
2026-01-31T07:05:52,01/31/202607:05,24.9,0.0,0.0,51.1,0.0,0.0,0.0,0.0,0.0,198.7,23111.0,43708.0,20.4,0.0,73.0,30.71,8.51,357.0,0.0,0.0,
2026-01-31T07:06:53,01/31/202607:06,26.1,0.0,0.0,51.1,0.0,0.0,0.0,0.0,0.0,198.7,23111.0,43708.0,20.4,0.0,73.0,30.71,8.51,357.0,0.0,0.0,
2026-01-31T07:07:53,01/31/202607:07,27.8,0.0,0.0,51.1,0.0,0.0,0.0,0.0,0.0,198.7,23111.0,43708.0,20.4,0.0,73.0,30.71,8.51,357.0,0.0,0.0,
2026-01-31T07:08:52,01/31/202607:08,30.9,0.0,0.0,51.1,0.0,0.0,0.0,0.0,0.0,198.7,23111.0,43708.0,20.4,0.0,73.0,30.71,8.51,357.0,0.0,0.0,
2026-01-31T07:09:26,01/31/202607:09,33.0,0.0,0.0,51.0,0.0,0.0,0.0,0.0,0.0,198.7,23111.0,43708.0,20.4,0.0,73.0,30.71,8.51,357.0,0.0,0.0,
2026-01-31T07:10:26,01/31/202607:10,37.6,0.0,0.0,51.1,0.0,0.0,0.0,0.0,0.0,198.7,23111.0,43708.0,20.4,0.0,73.0,30.71,8.51,357.0,0.0,0.0,
2026-01-31T07:11:26,01/31/202607:11,43.1,0.0,0.0,51.1,0.0,0.0,0.0,0.0,0.0,198.7,23111.0,43708.0,20.4,0.0,73.0,30.71,8.51,357.0,0.0,0.0,
2026-01-31T07:12:26,01/31/202607:12,52.0,0.0,0.0,51.0,0.0,0.0,0.0,0.0,0.0,198.7,23111.0,43708.0,20.4,0.0,73.0,30.71,8.51,357.0,0.0,0.0,
2026-01-31T07:13:26,01/31/202607:13,52.8,0.0,0.0,51.0,0.0,0.0,0.0,0.0,0.0,198.7,23111.0,43708.0,20.4,0.0,73.0,30.71,8.51,357.0,0.0,0.0,
2026-01-31T07:14:26,01/31/202607:14,52.9,0.0,0.0,51.1,0.0,0.0,0.0,0.0,0.0,198.7,23111.0,43708.0,20.4,0.0,73.0,30.71,8.51,357.0,0.0,0.0,
2026-01-31T07:16:36,01/31/202607:16,52.8,0.0,0.0,51.0,0.0,0.0,0.0,0.0,0.0,198.7,23111.0,43708.0,20.4,0.0,73.0,30.71,8.7,360.0,0.0,0.0,
2026-01-31T07:17:24,01/31/202607:17,52.9,0.0,0.0,51.1,0.0,0.0,0.0,0.0,0.0,198.7,23111.0,43708.0,20.4,0.0,73.0,30.71,8.7,360.0,0.0,0.0,
2026-01-31T07:19:35,01/31/202607:19,52.9,0.0,0.0,51.1,0.0,0.0,0.0,0.0,0.0,198.7,23111.0,43708.0,20.3,0.0,73.0,30.71,7.39,346.0,0.0,0.0,
2026-01-31T07:21:35,01/31/202607:21,53.0,0.0,0.0,51.2,0.0,0.0,0.0,0.0,0.0,198.7,23111.0,43708.0,20.3,0.0,73.0,30.71,7.39,346.0,0.0,0.0,
2026-01-31T07:24:35,01/31/202607:24,52.9,0.0,0.0,51.1,0.0,0.0,0.0,0.0,0.0,198.7,23111.0,43708.0,20.4,0.0,73.0,30.71,7.39,346.0,0.0,0.0,
2026-01-31T07:25:35,01/31/202607:25,53.0,0.0,0.0,51.1,0.0,0.0,0.0,0.0,0.0,198.7,23111.0,43708.0,20.3,0.0,73.0,30.71,7.39,346.0,0.0,0.0,
2026-01-31T07:27:46,01/31/202607:27,53.0,0.0,0.0,51.1,0.0,0.0,0.0,0.0,0.0,198.7,23111.0,43708.0,20.4,0.0,73.0,30.71,7.39,346.0,0.0,0.0,
2026-01-31T07:29:26,01/31/202607:29,53.1,0.0,0.0,51.1,0.0,0.0,0.0,0.0,0.0,198.7,23111.0,43708.0,20.3,0.0,73.0,30.71,7.39,346.0,0.0,0.0,
2026-01-31T07:30:25,01/31/202607:30,50.9,0.0,0.0,51.1,0.1,5.11,5.0,0.0,0.0,198.7,23111.0,43708.0,20.4,0.0,73.0,30.71,7.39,346.0,0.0,0.0,
2026-01-31T07:31:26,01/31/202607:31,140.6,0.0,0.0,51.1,0.0,0.0,0.0,0.0,0.0,198.7,23111.0,43708.0,20.3,0.0,74.0,30.74,7.89,345.0,0.0,0.0,
2026-01-31T07:32:25,01/31/202607:32,141.3,0.0,0.0,51.2,0.0,0.0,0.0,0.0,0.0,198.7,23111.0,43708.0,20.4,0.0,74.0,30.74,7.89,345.0,0.0,0.0,
2026-01-31T07:33:26,01/31/202607:33,142.2,0.0,0.0,51.1,0.0,0.0,0.0,0.0,0.0,198.7,23111.0,43708.0,20.3,0.0,74.0,30.74,7.89,345.0,0.0,0.0,
2026-01-31T07:34:26,01/31/202607:34,143.8,0.0,0.0,51.2,0.0,0.0,0.0,0.0,0.0,198.7,23111.0,43708.0,20.4,0.0,74.0,30.74,7.89,345.0,0.0,0.0,
2026-01-31T07:35:25,01/31/202607:35,144.4,0.0,0.0,51.2,0.0,0.0,0.0,0.0,0.0,198.7,23111.0,43708.0,20.4,0.0,74.0,30.74,7.89,345.0,0.0,0.0,
2026-01-31T07:36:26,01/31/202607:36,144.8,0.0,0.0,51.1,0.0,0.0,0.0,0.0,0.0,198.7,23111.0,43708.0,20.4,0.0,74.0,30.74,7.89,345.0,0.0,0.0,
2026-01-31T07:37:26,01/31/202607:37,145.3,0.0,0.0,51.1,0.0,0.0,0.0,0.0,0.0,198.7,23111.0,43708.0,20.3,0.0,74.0,30.74,7.89,345.0,0.0,0.0,
2026-01-31T07:39:36,01/31/202607:39,146.1,0.0,0.0,51.1,0.0,0.0,0.0,0.0,0.0,198.7,23111.0,43708.0,20.4,0.0,74.0,30.74,7.89,345.0,0.0,0.0,
2026-01-31T07:40:36,01/31/202607:40,146.5,0.0,0.0,51.1,0.0,0.0,0.0,0.0,0.0,198.7,23111.0,43708.0,20.3,0.0,74.0,30.74,7.89,345.0,0.0,0.0,
2026-01-31T07:41:37,01/31/202607:41,146.8,0.0,0.0,51.1,0.0,0.0,0.0,0.0,0.0,198.7,23111.0,43708.0,20.3,0.0,74.0,30.74,7.89,345.0,0.0,0.0,
2026-01-31T07:42:36,01/31/202607:42,147.1,0.0,0.0,51.1,0.0,0.0,0.0,0.0,0.0,198.7,23111.0,43708.0,20.4,0.0,74.0,30.74,7.89,345.0,0.0,0.0,
2026-01-31T07:42:40,01/31/202607:42,147.2,0.0,0.0,51.1,0.0,0.0,0.0,0.0,0.0,198.7,23111.0,43708.0,20.3,0.0,74.0,30.74,7.89,345.0,0.0,0.0,
2026-01-31T07:43:40,01/31/202607:43,147.5,0.0,0.0,51.1,0.0,0.0,0.0,0.0,0.0,198.7,23111.0,43708.0,20.3,0.0,74.0,30.74,7.89,345.0,0.0,0.0,
2026-01-31T07:44:41,01/31/202607:44,147.8,0.0,0.0,51.2,0.0,0.0,0.0,0.0,0.0,198.7,23111.0,43708.0,20.3,0.0,74.0,30.74,7.89,345.0,0.0,0.0,
2026-01-31T07:45:40,01/31/202607:45,148.1,0.0,0.0,51.1,0.0,0.0,0.0,0.0,0.0,198.7,23111.0,43708.0,20.3,0.0,74.0,30.74,7.89,345.0,0.0,0.0,
2026-01-31T07:46:40,01/31/202607:46,148.3,0.0,0.0,51.1,0.0,0.0,0.0,0.0,0.0,198.7,23111.0,43708.0,20.3,0.0,74.0,30.74,7.64,355.0,0.0,0.0,
2026-01-31T07:47:40,01/31/202607:47,148.5,0.0,0.0,51.1,0.0,0.0,0.0,0.0,0.0,198.7,23111.0,43708.0,20.3,0.0,74.0,30.74,7.64,355.0,0.0,0.0,
2026-01-31T07:48:40,01/31/202607:48,148.7,0.0,0.0,51.1,0.0,0.0,0.0,0.0,0.0,198.7,23111.0,43708.0,20.3,0.0,74.0,30.74,7.64,355.0,0.0,0.0,
2026-01-31T07:50:05,01/31/202607:50,149.0,0.0,0.0,51.1,0.0,0.0,0.0,0.0,0.0,198.7,23111.0,43708.0,20.3,0.0,74.0,30.74,7.64,355.0,0.0,0.0,
2026-01-31T07:50:40,01/31/202607:50,149.1,0.0,0.0,51.0,0.0,0.0,0.0,0.0,0.0,198.7,23111.0,43708.0,20.3,0.0,74.0,30.74,7.64,355.0,0.0,0.0,
2026-01-31T07:51:41,01/31/202607:51,149.3,0.0,0.0,51.1,0.0,0.0,0.0,0.0,0.0,198.7,23111.0,43708.0,20.3,0.0,74.0,30.74,7.64,355.0,0.0,0.0,
2026-01-31T07:52:40,01/31/202607:52,149.5,0.0,0.0,51.1,0.0,0.0,0.0,0.0,0.0,198.7,23111.0,43708.0,20.3,0.0,74.0,30.74,7.64,355.0,0.0,0.0,
2026-01-31T07:53:41,01/31/202607:53,149.6,0.0,0.0,51.1,0.0,0.0,0.0,0.0,0.0,198.7,23111.0,43708.0,20.3,0.0,74.0,30.74,7.64,355.0,0.0,0.0,
2026-01-31T07:54:41,01/31/202607:54,149.9,0.0,0.0,51.1,0.0,0.0,0.0,0.0,0.0,198.7,23111.0,43708.0,20.3,0.0,74.0,30.74,7.64,355.0,0.0,0.0,
2026-01-31T07:55:40,01/31/202607:55,150.0,0.0,0.0,51.1,0.0,0.0,0.0,0.0,0.0,198.7,23111.0,43708.0,20.3,0.0,74.0,30.74,7.64,355.0,0.0,0.0,
2026-01-31T07:56:40,01/31/202607:56,150.2,0.0,0.0,51.1,0.0,0.0,0.0,0.0,0.0,198.7,23111.0,43708.0,20.3,0.0,74.0,30.74,7.64,355.0,0.0,0.0,
2026-01-31T07:57:41,01/31/202607:57,150.4,0.0,0.0,51.2,0.0,0.0,0.0,0.0,0.0,198.7,23111.0,43708.0,20.3,0.0,74.0,30.74,7.64,355.0,0.0,0.0,
2026-01-31T07:58:40,01/31/202607:58,150.5,0.0,0.0,51.1,0.0,0.0,0.0,0.0,0.0,198.7,23111.0,43708.0,20.3,0.0,74.0,30.74,7.64,355.0,0.0,0.0,
2026-01-31T07:59:40,01/31/202607:59,69.4,0.4,27.760000000000005,51.1,0.3,15.33,15.0,0.0,0.0,198.7,23111.0,43708.0,20.3,0.0,74.0,30.74,7.64,355.0,0.0,0.0,0.5522334293948126
2026-01-31T08:01:14,01/31/202608:01,69.5,0.4,27.8,51.2,0.3,15.36,15.0,0.0,0.0,198.7,23111.0,43708.0,20.4,0.0,75.0,30.74,7.83,355.0,40.0,0.0,0.5525179856115108
2026-01-31T08:01:40,01/31/202608:01,72.5,0.3,21.75,51.2,0.3,15.36,15.0,0.0,0.0,198.7,23111.0,43708.0,20.3,0.0,75.0,30.74,7.83,355.0,40.0,0.0,0.7062068965517241
2026-01-31T08:02:40,01/31/202608:02,72.6,0.3,21.779999999999998,51.1,0.3,15.33,15.0,0.0,0.0,198.7,23111.0,43708.0,20.3,0.0,75.0,30.74,7.83,355.0,40.0,0.0,0.7038567493112948
2026-01-31T08:02:43,01/31/202608:02,72.5,0.4,29.0,51.2,0.3,15.36,15.0,0.0,0.0,198.7,23111.0,43708.0,20.3,0.0,75.0,30.74,7.83,355.0,40.0,0.0,0.5296551724137931
2026-01-31T08:03:41,01/31/202608:03,72.8,0.4,29.12,51.2,0.4,20.480000000000004,20.0,0.0,0.0,198.7,23111.0,43708.0,20.3,0.0,75.0,30.74,7.83,355.0,40.0,0.0,0.7032967032967035
2026-01-31T08:04:42,01/31/202608:04,151.2,0.0,0.0,51.2,0.0,0.0,0.0,0.0,0.0,198.7,23111.0,43708.0,20.3,0.0,75.0,30.74,7.83,355.0,40.0,0.0,
2026-01-31T08:05:42,01/31/202608:05,78.2,0.2,15.64,51.3,0.4,20.52,20.0,0.0,0.0,198.7,23111.0,43708.0,20.3,0.0,75.0,30.74,7.83,355.0,40.0,0.0,1.312020460358056
2026-01-31T08:06:41,01/31/202608:06,151.7,0.0,0.0,51.3,0.0,0.0,0.0,0.0,0.0,198.7,23111.0,43708.0,20.3,0.0,75.0,30.74,7.83,355.0,40.0,0.0,
2026-01-31T08:07:42,01/31/202608:07,81.6,0.4,32.64,51.3,0.4,20.52,20.0,0.0,0.0,198.7,23111.0,43708.0,20.3,0.0,75.0,30.74,7.83,355.0,40.0,0.0,0.6286764705882353
2026-01-31T08:08:42,01/31/202608:08,81.6,0.4,32.64,51.3,0.5,25.65,25.0,0.0,0.0,198.7,23111.0,43708.0,20.3,0.0,75.0,30.74,7.83,355.0,40.0,0.0,0.785845588235294
2026-01-31T08:10:42,01/31/202608:10,113.6,0.4,45.44,51.4,0.4,20.560000000000002,20.0,0.0,0.0,198.7,23111.0,43708.0,20.3,0.0,75.0,30.74,7.83,355.0,40.0,0.0,0.45246478873239443
2026-01-31T08:12:23,01/31/202608:12,113.6,0.4,45.44,51.4,0.4,20.560000000000002,20.0,0.0,0.0,198.7,23111.0,43708.0,20.3,0.0,75.0,30.74,7.83,355.0,40.0,0.0,0.45246478873239443
2026-01-31T08:12:42,01/31/202608:12,113.7,0.4,45.480000000000004,51.4,0.5,25.7,25.0,0.0,0.0,198.7,23111.0,43708.0,20.3,0.0,75.0,30.74,7.83,355.0,40.0,0.0,0.5650835532102022
2026-01-31T08:13:42,01/31/202608:13,100.1,0.4,40.04,51.4,0.4,20.560000000000002,20.0,0.0,0.0,198.7,23111.0,43708.0,20.3,0.0,75.0,30.74,7.83,355.0,40.0,0.0,0.5134865134865135
2026-01-31T08:14:43,01/31/202608:14,100.2,0.4,40.080000000000005,51.4,0.4,20.560000000000002,20.0,0.0,0.0,198.7,23111.0,43708.0,20.3,0.0,75.0,30.74,7.83,355.0,40.0,0.0,0.5129740518962076
2026-01-31T08:15:42,01/31/202608:15,92.1,0.5,46.05,51.4,0.5,25.7,25.0,0.0,0.0,198.7,23111.0,43708.0,20.3,0.0,74.0,30.74,8.14,351.0,73.0,0.2,0.5580890336590663
2026-01-31T08:16:42,01/31/202608:16,92.2,0.6,55.32,51.5,0.6,30.9,30.0,0.0,0.0,198.7,23111.0,43708.0,20.3,0.0,74.0,30.74,8.14,351.0,73.0,0.2,0.5585683297180043
2026-01-31T08:17:41,01/31/202608:17,92.3,0.6,55.379999999999995,51.5,0.6,30.9,30.0,0.0,0.0,198.7,23111.0,43708.0,20.3,0.0,74.0,30.74,8.14,351.0,73.0,0.2,0.5579631635969664
2026-01-31T08:18:42,01/31/202608:18,106.3,0.5,53.15,51.6,0.7,36.12,36.0,0.0,0.0,198.7,23111.0,43708.0,20.3,0.0,74.0,30.74,8.14,351.0,73.0,0.2,0.6795860771401693
2026-01-31T08:19:42,01/31/202608:19,106.4,0.5,53.2,51.6,0.7,36.12,36.0,0.0,0.0,198.7,23111.0,43708.0,20.3,0.0,74.0,30.74,8.14,351.0,73.0,0.2,0.6789473684210525
2026-01-31T08:20:42,01/31/202608:20,106.5,0.5,53.25,51.7,0.8,41.36000000000001,41.0,0.0,0.0,198.7,23111.0,43708.0,20.2,0.0,74.0,30.74,8.14,351.0,73.0,0.2,0.7767136150234742
2026-01-31T08:21:42,01/31/202608:21,104.4,0.5,52.2,51.7,0.7,36.19,36.0,0.0,0.0,198.7,23111.0,43708.0,20.2,0.0,74.0,30.74,8.14,351.0,73.0,0.2,0.693295019157088
2026-01-31T08:23:32,01/31/202608:23,104.5,0.5,52.25,51.7,0.7,36.19,36.0,0.0,0.0,198.7,23111.0,43708.0,20.2,0.0,74.0,30.74,8.14,351.0,73.0,0.2,0.6926315789473684
2026-01-31T08:23:42,01/31/202608:23,104.6,0.5,52.3,51.8,0.7,36.26,36.0,0.0,0.0,198.7,23111.0,43708.0,20.3,0.0,74.0,30.74,8.14,351.0,73.0,0.2,0.6933078393881453
2026-01-31T08:24:43,01/31/202608:24,117.6,0.5,58.8,51.9,0.8,41.52,41.0,0.0,0.0,198.7,23111.0,43708.0,20.3,0.0,74.0,30.74,8.14,351.0,73.0,0.2,0.706122448979592
2026-01-31T08:25:42,01/31/202608:25,117.7,0.5,58.85,51.9,0.8,41.52,41.0,0.0,0.0,198.7,23111.0,43708.0,20.3,0.0,74.0,30.74,8.14,351.0,73.0,0.2,0.7055225148683093
2026-01-31T08:26:42,01/31/202608:26,117.8,0.5,58.9,52.0,0.8,41.6,41.0,0.0,0.0,198.7,23111.0,43708.0,20.2,0.0,74.0,30.74,8.14,351.0,73.0,0.2,0.7062818336162988
2026-01-31T08:27:42,01/31/202608:27,121.2,0.6,72.72,52.0,0.9,46.800000000000004,46.0,0.0,0.0,198.7,23111.0,43708.0,20.2,0.0,74.0,30.74,8.14,351.0,63.0,0.2,0.6435643564356436
2026-01-31T08:28:42,01/31/202608:28,121.4,0.5,60.7,52.0,0.9,46.800000000000004,46.0,0.0,0.0,198.7,23111.0,43708.0,20.2,0.0,74.0,30.74,8.08,3.0,63.0,0.2,0.771004942339374
2026-01-31T08:29:47,01/31/202608:29,121.5,0.6,72.89999999999999,52.2,0.9,46.980000000000004,46.0,0.0,0.0,198.7,23111.0,43708.0,20.2,0.0,74.0,30.74,8.08,3.0,63.0,0.2,0.6444444444444446
2026-01-31T08:30:47,01/31/202608:30,124.7,0.7,87.28999999999999,52.2,1.0,52.2,52.0,0.0,0.0,198.7,23111.0,43708.0,20.2,0.0,72.0,30.74,8.08,358.0,102.0,0.3,0.5980066445182726
2026-01-31T08:31:47,01/31/202608:31,124.0,0.7,86.8,52.2,1.0,52.2,52.0,0.0,0.0,198.7,23111.0,43708.0,20.3,0.0,70.0,30.71,8.08,358.0,102.0,0.3,0.6013824884792627
2026-01-31T08:32:47,01/31/202608:32,126.4,0.7,88.48,52.3,1.0,52.3,52.0,0.0,0.0,198.7,23111.0,43708.0,20.2,0.0,70.0,30.71,8.08,358.0,102.0,0.3,0.5910940325497287
2026-01-31T08:34:41,01/31/202608:34,128.9,0.7,90.23,52.4,1.0,52.4,52.0,0.0,0.0,198.7,23111.0,43708.0,20.2,0.0,70.0,30.71,8.08,358.0,102.0,0.3,0.5807381137094092
2026-01-31T08:34:45,01/31/202608:34,129.1,0.7,90.36999999999999,52.4,1.1,57.64,57.0,0.0,0.0,198.7,23111.0,43708.0,20.2,0.0,70.0,30.71,8.08,358.0,102.0,0.3,0.6378222861569105
2026-01-31T08:35:46,01/31/202608:35,121.5,0.6,72.89999999999999,52.6,1.2,63.12,63.0,0.0,0.0,198.7,23111.0,43708.0,20.2,0.0,70.0,30.71,8.08,358.0,102.0,0.3,0.865843621399177
2026-01-31T08:36:45,01/31/202608:36,121.7,0.7,85.19,52.7,1.2,63.24,63.0,0.0,0.0,198.7,23111.0,43708.0,20.2,0.0,70.0,30.71,8.08,358.0,102.0,0.3,0.7423406503110694
2026-01-31T08:37:30,01/31/202608:37,121.9,0.7,85.33,52.7,1.2,63.24,63.0,0.0,0.0,198.7,23111.0,43708.0,20.2,0.0,70.0,30.71,8.08,358.0,102.0,0.3,0.7411227001054729
2026-01-31T08:38:30,01/31/202608:38,123.8,0.8,99.04,52.8,1.2,63.35999999999999,63.0,0.0,0.0,198.7,23111.0,43708.0,20.2,0.0,70.0,30.71,8.08,358.0,102.0,0.3,0.639741518578352
2026-01-31T08:39:30,01/31/202608:39,124.0,0.8,99.2,52.9,1.2,63.48,63.0,0.0,0.0,198.7,23111.0,43708.0,20.2,0.0,70.0,30.71,8.08,358.0,102.0,0.3,0.6399193548387097
2026-01-31T08:40:31,01/31/202608:40,124.2,0.8,99.36000000000001,53.0,1.2,63.599999999999994,63.0,0.0,0.0,198.7,23111.0,43708.0,20.2,0.0,70.0,30.71,8.08,358.0,102.0,0.3,0.6400966183574878
2026-01-31T08:41:30,01/31/202608:41,133.1,0.7,93.16999999999999,53.1,1.3,69.03,69.0,0.0,0.0,198.7,23111.0,43708.0,20.2,0.0,70.0,30.71,8.08,358.0,102.0,0.3,0.7409037243747989
2026-01-31T08:42:30,01/31/202608:42,133.4,0.7,93.38,53.2,1.3,69.16000000000001,69.0,0.0,0.0,198.7,23111.0,43708.0,20.2,0.0,70.0,30.71,8.08,358.0,102.0,0.3,0.7406296851574214
2026-01-31T08:43:31,01/31/202608:43,133.2,0.8,106.56,53.2,1.4,74.48,74.0,0.0,0.0,198.7,23111.0,43708.0,20.2,0.0,70.0,30.71,8.08,358.0,102.0,0.3,0.698948948948949
2026-01-31T08:45:51,01/31/202608:45,133.6,0.8,106.88,53.4,1.4,74.75999999999999,74.0,0.0,0.0,198.7,23111.0,43708.0,20.2,0.0,70.0,30.71,8.08,358.0,102.0,0.3,0.6994760479041916
2026-01-31T08:46:30,01/31/202608:46,126.0,0.9,113.4,53.5,1.4,74.89999999999999,74.0,0.0,0.0,198.7,23111.0,43708.0,20.2,0.0,70.0,30.71,7.39,355.0,145.0,0.5,0.6604938271604938
2026-01-31T08:46:32,01/31/202608:46,126.0,0.8,100.80000000000001,53.5,1.4,74.89999999999999,74.0,0.0,0.0,198.7,23111.0,43708.0,20.2,0.0,70.0,30.71,7.39,355.0,145.0,0.5,0.7430555555555554
2026-01-31T08:47:32,01/31/202608:47,125.3,0.9,112.77,53.6,1.4,75.03999999999999,74.0,0.0,0.0,198.7,23111.0,43708.0,20.2,0.0,70.0,30.71,7.39,355.0,145.0,0.5,0.6654252017380509
2026-01-31T08:48:32,01/31/202608:48,134.7,0.8,107.75999999999999,53.6,1.5,80.4,80.0,0.0,0.0,198.7,23111.0,43708.0,20.2,0.0,70.0,30.71,7.39,355.0,145.0,0.5,0.7461024498886415
2026-01-31T08:49:48,01/31/202608:49,132.1,0.9,118.89,53.7,1.6,85.92000000000002,85.0,0.0,0.0,198.7,23111.0,43708.0,20.2,0.0,70.0,30.71,7.39,355.0,145.0,0.5,0.722684834721171
2026-01-31T08:50:49,01/31/202608:50,132.4,0.9,119.16000000000001,53.8,1.7,91.46,91.0,0.0,0.0,198.7,23111.0,43708.0,20.1,0.0,70.0,30.71,7.39,355.0,145.0,0.5,0.7675394427660287
2026-01-31T08:51:48,01/31/202608:51,136.0,0.9,122.4,53.9,1.7,91.63,91.0,0.0,0.0,198.7,23111.0,43708.0,20.1,0.0,70.0,30.71,7.39,355.0,145.0,0.5,0.748611111111111
2026-01-31T08:52:48,01/31/202608:52,133.8,0.9,120.42000000000002,53.9,1.8,97.02,97.0,0.0,0.0,198.7,23111.0,43708.0,20.2,0.0,70.0,30.71,7.39,355.0,145.0,0.5,0.8056801195814647
2026-01-31T08:53:47,01/31/202608:53,134.0,0.9,120.60000000000001,54.0,1.8,97.2,97.0,0.0,0.0,198.7,23111.0,43708.0,20.1,0.0,70.0,30.71,7.39,355.0,145.0,0.5,0.8059701492537313
2026-01-31T08:54:46,01/31/202608:54,134.2,0.9,120.77999999999999,54.0,1.8,97.2,97.0,0.0,0.0,198.7,23111.0,43708.0,20.2,0.0,70.0,30.71,7.39,355.0,145.0,0.5,0.804769001490313
2026-01-31T08:57:00,01/31/202608:56,137.0,1.0,137.0,54.2,1.9,102.98,102.0,0.0,0.0,198.7,23111.0,43708.0,20.2,0.0,70.0,30.71,7.39,355.0,145.0,0.5,0.7516788321167883
2026-01-31T08:57:46,01/31/202608:57,136.1,1.0,136.1,54.1,1.9,102.78999999999999,102.0,0.0,0.0,198.7,23111.0,43708.0,20.2,0.0,70.0,30.71,7.39,355.0,145.0,0.5,0.7552534900808229
2026-01-31T08:58:46,01/31/202608:58,130.9,0.9,117.81,54.2,1.9,102.98,102.0,0.0,0.0,198.7,23111.0,43708.0,20.1,0.0,70.0,30.71,7.39,355.0,145.0,0.5,0.87411934470758
2026-01-31T08:59:47,01/31/202608:59,131.0,0.9,117.9,54.3,1.9,103.16999999999999,103.0,0.0,0.0,198.7,23111.0,43708.0,20.1,0.0,70.0,30.71,7.39,355.0,145.0,0.5,0.875063613231552
2026-01-31T09:00:46,01/31/202609:00,130.2,0.9,117.17999999999999,54.3,1.9,103.16999999999999,103.0,0.0,1.0,198.7,23111.0,43708.0,20.1,0.0,70.0,30.71,7.39,355.0,145.0,0.5,0.8804403481822836
2026-01-31T09:01:46,01/31/202609:01,133.0,0.9,119.7,54.3,1.8,97.74,97.0,0.0,1.0,198.7,23111.0,43708.0,20.1,0.0,70.0,30.71,6.28,354.0,185.0,0.6,0.8165413533834586
2026-01-31T09:02:47,01/31/202609:02,136.5,0.9,122.85000000000001,54.3,1.8,97.74,97.0,0.0,1.0,198.7,23111.0,43708.0,20.1,0.0,70.0,30.71,6.28,354.0,185.0,0.6,0.7956043956043956
2026-01-31T09:03:56,01/31/202609:03,136.5,0.8,109.2,54.3,1.8,97.74,97.0,0.0,1.0,198.7,23111.0,43708.0,20.2,0.0,70.0,30.71,6.28,354.0,185.0,0.6,0.895054945054945
2026-01-31T09:04:55,01/31/202609:04,136.5,0.9,122.85000000000001,54.3,1.8,97.74,97.0,0.0,1.0,198.7,23111.0,43708.0,20.1,0.0,70.0,30.71,6.28,354.0,185.0,0.6,0.7956043956043956
2026-01-31T09:05:56,01/31/202609:05,134.9,1.0,134.9,54.3,1.8,97.74,97.0,0.0,1.0,198.7,23111.0,43708.0,20.1,0.0,70.0,30.71,6.28,354.0,185.0,0.6,0.7245366938472942
2026-01-31T09:08:09,01/31/202609:08,133.0,0.9,119.7,54.3,1.8,97.74,97.0,0.0,1.0,198.7,23111.0,43708.0,20.1,0.0,70.0,30.71,6.28,354.0,185.0,0.6,0.8165413533834586
2026-01-31T09:08:49,01/31/202609:08,125.3,0.9,112.77,54.3,1.7,92.30999999999999,92.0,0.0,1.0,198.7,23111.0,43708.0,20.1,0.0,70.0,30.71,6.28,354.0,185.0,0.6,0.8185687682894386
2026-01-31T09:09:49,01/31/202609:09,130.5,0.9,117.45,54.3,1.7,92.30999999999999,92.0,0.0,1.0,198.7,23111.0,43708.0,20.1,0.0,70.0,30.71,6.28,354.0,185.0,0.6,0.7859514687100893
2026-01-31T09:10:49,01/31/202609:10,137.7,1.0,137.7,54.3,1.6,86.88,86.0,0.0,1.0,198.7,23111.0,43708.0,20.1,0.0,70.0,30.71,6.28,354.0,185.0,0.6,0.6309368191721133
2026-01-31T09:11:50,01/31/202609:11,133.7,0.8,106.96,54.3,1.7,92.30999999999999,92.0,0.0,1.0,198.7,23111.0,43708.0,20.1,0.0,70.0,30.71,6.28,354.0,185.0,0.6,0.863032909498878
2026-01-31T09:12:49,01/31/202609:12,134.5,0.8,107.60000000000001,54.3,1.6,86.88,86.0,0.0,1.0,198.7,23111.0,43708.0,20.1,0.0,70.0,30.71,6.28,354.0,185.0,0.6,0.8074349442379181
2026-01-31T09:14:49,01/31/202609:14,132.9,0.7,93.03,54.2,1.5,81.30000000000001,81.0,0.0,1.0,198.7,23111.0,43708.0,20.1,0.0,70.0,30.71,6.28,354.0,185.0,0.6,0.8739116414059982
2026-01-31T09:15:49,01/31/202609:15,134.1,0.7,93.86999999999999,54.2,1.4,75.88,75.0,0.0,1.0,198.7,23111.0,43708.0,20.1,0.0,69.0,30.71,5.84,356.0,241.0,0.9,0.8083519761372111
2026-01-31T09:16:49,01/31/202609:16,133.5,0.8,106.80000000000001,54.2,1.2,65.04,65.0,0.0,1.0,198.7,23111.0,43708.0,20.1,0.0,69.0,30.71,5.84,356.0,241.0,0.9,0.6089887640449438
2026-01-31T09:17:49,01/31/202609:17,132.9,0.7,93.03,54.2,1.2,65.04,65.0,0.0,1.0,198.7,23111.0,43708.0,20.1,0.0,69.0,30.71,5.84,356.0,241.0,0.9,0.6991293131247985
2026-01-31T09:19:18,01/31/202609:19,124.6,0.7,87.21999999999998,54.1,1.2,64.92,64.0,0.0,1.0,198.7,23111.0,43708.0,20.1,0.0,69.0,30.71,5.84,356.0,241.0,0.9,0.7443246961706033
2026-01-31T09:19:49,01/31/202609:19,124.5,0.7,87.14999999999999,54.1,1.1,59.510000000000005,59.0,0.0,1.0,198.7,23111.0,43708.0,20.1,0.0,69.0,30.71,5.84,356.0,241.0,0.9,0.6828456683878372
2026-01-31T09:20:49,01/31/202609:20,124.4,0.7,87.08,54.1,1.1,59.510000000000005,59.0,0.0,1.0,198.7,23111.0,43708.0,20.1,0.0,69.0,30.71,5.84,356.0,241.0,0.9,0.6833945796968306
2026-01-31T09:21:50,01/31/202609:21,129.6,0.6,77.75999999999999,54.0,1.1,59.400000000000006,59.0,0.0,1.0,198.7,23111.0,43708.0,20.1,0.0,69.0,30.71,5.84,356.0,241.0,0.9,0.7638888888888891
2026-01-31T09:22:49,01/31/202609:22,133.3,0.7,93.31,54.0,1.0,54.0,54.0,0.0,1.0,198.7,23111.0,43708.0,20.1,0.0,69.0,30.71,5.84,356.0,241.0,0.9,0.5787161075983281
2026-01-31T09:23:50,01/31/202609:23,123.0,0.7,86.1,54.0,1.1,59.400000000000006,59.0,0.0,1.0,198.7,23111.0,43708.0,20.1,0.0,69.0,30.71,5.84,356.0,241.0,0.9,0.6898954703832754
2026-01-31T09:24:50,01/31/202609:24,122.9,0.6,73.74,53.9,1.1,59.290000000000006,59.0,0.0,1.0,198.7,23111.0,43708.0,20.1,0.0,69.0,30.71,5.84,356.0,241.0,0.9,0.8040412259289397
2026-01-31T09:25:49,01/31/202609:25,123.0,0.6,73.8,53.9,1.2,64.67999999999999,64.0,0.0,1.0,198.7,23111.0,43708.0,20.1,0.0,69.0,30.71,5.84,356.0,241.0,0.9,0.8764227642276422
2026-01-31T09:26:50,01/31/202609:26,130.4,0.6,78.24,54.0,1.2,64.8,64.0,0.0,1.0,198.7,23111.0,43708.0,20.1,0.0,69.0,30.71,5.84,356.0,241.0,0.9,0.8282208588957055
2026-01-31T09:27:50,01/31/202609:27,130.5,0.6,78.3,54.0,1.2,64.8,64.0,0.0,1.0,198.7,23111.0,43708.0,20.1,0.0,69.0,30.71,6.71,345.0,259.0,0.9,0.8275862068965517
2026-01-31T09:28:49,01/31/202609:28,130.5,0.6,78.3,54.0,1.3,70.2,70.0,0.0,1.0,198.7,23111.0,43708.0,20.1,0.0,69.0,30.71,6.71,345.0,259.0,0.9,0.896551724137931
2026-01-31T09:30:27,01/31/202609:30,131.0,0.7,91.69999999999999,54.0,1.2,64.8,64.0,0.0,1.0,198.7,23111.0,43708.0,20.1,0.0,69.0,30.71,6.71,345.0,259.0,0.9,0.7066521264994547
2026-01-31T09:30:40,01/31/202609:30,130.1,0.7,91.07,54.0,1.2,64.8,64.0,0.0,1.0,198.7,23111.0,43708.0,20.1,0.0,66.0,30.71,6.46,340.0,296.0,1.2,0.7115405731854617
2026-01-31T09:31:40,01/31/202609:31,130.2,0.7,91.13999999999999,54.0,1.2,64.8,64.0,0.0,1.0,198.7,23111.0,43708.0,20.1,0.0,66.0,30.71,6.46,340.0,296.0,1.2,0.7109940750493746
2026-01-31T09:32:41,01/31/202609:32,129.2,0.7,90.43999999999998,54.0,1.2,64.8,64.0,0.0,1.0,198.7,23111.0,43708.0,20.1,0.0,66.0,30.71,6.46,340.0,296.0,1.2,0.716497125165856
2026-01-31T09:33:40,01/31/202609:33,128.7,0.7,90.08999999999999,54.0,1.2,64.8,64.0,0.0,1.0,198.7,23111.0,43708.0,20.1,0.0,66.0,30.71,6.46,340.0,296.0,1.2,0.7192807192807193
2026-01-31T09:34:41,01/31/202609:34,129.6,0.7,90.71999999999998,54.0,1.2,64.8,64.0,0.0,1.0,198.7,23111.0,43708.0,20.1,0.0,66.0,30.71,6.46,340.0,296.0,1.2,0.7142857142857144
2026-01-31T09:35:41,01/31/202609:35,129.5,0.7,90.64999999999999,54.0,1.2,64.8,64.0,0.0,1.0,198.7,23111.0,43708.0,20.1,0.0,66.0,30.71,6.46,340.0,296.0,1.2,0.7148372862658577
2026-01-31T09:36:40,01/31/202609:36,123.5,0.7,86.44999999999999,54.0,1.1,59.400000000000006,59.0,0.0,1.0,198.7,23111.0,43708.0,20.1,0.0,66.0,30.71,6.46,340.0,296.0,1.2,0.6871023713128978
2026-01-31T09:37:41,01/31/202609:37,128.2,0.7,89.73999999999998,54.0,1.2,64.8,64.0,0.0,1.0,198.7,23111.0,43708.0,20.1,0.0,66.0,30.71,6.46,340.0,296.0,1.2,0.722086026298195
2026-01-31T09:38:40,01/31/202609:38,132.5,0.7,92.75,54.0,1.3,70.2,70.0,0.1,1.0,198.7,23111.0,43708.0,20.1,0.0,66.0,30.71,6.46,340.0,296.0,1.2,0.7568733153638815
2026-01-31T09:39:41,01/31/202609:39,132.6,0.7,92.82,54.0,1.3,70.2,70.0,0.1,1.0,198.7,23111.0,43708.0,20.1,0.0,66.0,30.71,6.46,340.0,296.0,1.2,0.7563025210084034
2026-01-31T09:41:37,01/31/202609:41,132.6,0.7,92.82,54.0,1.2,64.8,64.0,0.1,1.0,198.7,23111.0,43708.0,20.1,0.0,66.0,30.71,6.46,340.0,296.0,1.2,0.698125404007757
2026-01-31T09:41:41,01/31/202609:41,133.6,0.8,106.88,54.1,1.3,70.33,70.0,0.1,1.0,198.7,23111.0,43708.0,20.1,0.0,66.0,30.71,6.46,340.0,296.0,1.2,0.6580276946107785
2026-01-31T09:41:56,01/31/202609:41,132.7,0.7,92.88999999999999,54.0,1.3,70.2,70.0,0.1,1.0,198.7,23111.0,43708.0,20.1,0.0,66.0,30.71,6.46,340.0,296.0,1.2,0.7557325869307785
2026-01-31T09:42:10,01/31/202609:42,133.6,0.7,93.52,54.0,1.3,70.2,70.0,0.1,1.0,198.7,23111.0,43708.0,20.1,0.0,66.0,30.71,6.46,340.0,296.0,1.2,0.7506415739948674
2026-01-31T09:43:10,01/31/202609:43,131.7,0.8,105.36,54.0,1.4,75.6,75.0,0.1,1.0,198.7,23111.0,43708.0,20.1,0.0,66.0,30.71,6.46,340.0,296.0,1.2,0.7175398633257403
2026-01-31T09:44:10,01/31/202609:44,131.7,0.7,92.18999999999998,54.0,1.3,70.2,70.0,0.1,2.0,198.7,23111.0,43708.0,20.1,0.0,66.0,30.71,6.46,340.0,296.0,1.2,0.7614708753660919
2026-01-31T09:45:57,01/31/202609:45,131.7,0.7,92.18999999999998,54.1,1.3,70.33,70.0,0.1,2.0,198.7,23111.0,43708.0,20.1,0.0,64.0,30.71,6.21,339.0,334.0,1.5,0.7628810066167698
2026-01-31T09:47:58,01/31/202609:47,132.7,0.7,92.88999999999999,54.0,1.3,70.2,70.0,0.1,2.0,198.7,23111.0,43708.0,20.1,0.0,64.0,30.71,6.21,339.0,334.0,1.5,0.7557325869307785
2026-01-31T09:48:57,01/31/202609:48,118.7,0.8,94.96000000000001,54.0,1.2,64.8,64.0,0.1,2.0,198.7,23111.0,43708.0,20.1,0.0,64.0,30.71,6.21,339.0,334.0,1.5,0.6823925863521482
2026-01-31T09:49:57,01/31/202609:49,127.0,0.8,101.60000000000001,54.1,1.3,70.33,70.0,0.1,2.0,198.7,23111.0,43708.0,20.1,0.0,64.0,30.71,6.21,339.0,334.0,1.5,0.6922244094488188
2026-01-31T09:50:58,01/31/202609:50,133.5,0.9,120.15,54.1,1.4,75.74,75.0,0.1,2.0,198.7,23111.0,43708.0,20.1,0.0,64.0,30.71,6.21,339.0,334.0,1.5,0.6303786933000416
2026-01-31T09:52:46,01/31/202609:52,124.1,0.8,99.28,54.1,1.4,75.74,75.0,0.1,2.0,198.7,23111.0,43708.0,20.1,0.0,64.0,30.71,6.21,339.0,334.0,1.5,0.7628928283642223
2026-01-31T09:53:18,01/31/202609:53,133.4,0.8,106.72000000000001,54.1,1.5,81.15,81.0,0.1,2.0,198.7,23111.0,43708.0,20.1,0.0,64.0,30.71,6.21,339.0,334.0,1.5,0.7604010494752623
2026-01-31T09:54:19,01/31/202609:54,133.4,0.9,120.06,54.1,1.4,75.74,75.0,0.1,2.0,198.7,23111.0,43708.0,20.1,0.0,64.0,30.71,6.21,339.0,334.0,1.5,0.6308512410461435
2026-01-31T09:55:19,01/31/202609:55,133.8,0.8,107.04000000000002,54.1,1.3,70.33,70.0,0.1,2.0,198.7,23111.0,43708.0,20.1,0.0,64.0,30.71,6.21,339.0,334.0,1.5,0.6570440956651717
2026-01-31T09:56:18,01/31/202609:56,129.1,0.8,103.28,54.1,1.3,70.33,70.0,0.1,2.0,198.7,23111.0,43708.0,20.1,0.0,64.0,30.71,6.21,339.0,334.0,1.5,0.6809643687064291
2026-01-31T09:57:43,01/31/202609:57,126.0,0.8,100.80000000000001,54.1,1.3,70.33,70.0,0.1,2.0,198.7,23111.0,43708.0,20.1,0.0,64.0,30.71,6.21,339.0,334.0,1.5,0.6977182539682538
2026-01-31T09:58:44,01/31/202609:58,118.4,0.7,82.88,54.1,1.2,64.92,64.0,0.1,2.0,198.7,23111.0,43708.0,20.1,0.0,64.0,30.71,6.21,339.0,334.0,1.5,0.7833011583011583
2026-01-31T09:59:44,01/31/202609:59,131.4,0.9,118.26,54.1,1.3,70.33,70.0,0.1,2.0,198.7,23111.0,43708.0,20.1,0.0,64.0,30.71,6.21,339.0,334.0,1.5,0.5947065787248436
2026-01-31T10:00:43,01/31/202610:00,119.6,0.9,107.64,54.1,1.3,70.33,70.0,0.1,2.0,198.7,23111.0,43708.0,20.1,0.0,64.0,30.71,6.21,339.0,334.0,1.5,0.6533816425120773
2026-01-31T10:01:43,01/31/202610:01,124.8,0.7,87.36,54.1,1.3,70.33,70.0,0.1,2.0,198.7,23111.0,43708.0,20.1,0.0,63.0,30.71,5.03,339.0,415.0,1.7,0.8050595238095238
